{
    "total_runtime": 303.9791371822357,
    "num_documents": 1,
    "input_load_time": 0,
    "workflows": {
        "create_base_text_units": {
            "overall": 0.10579299926757812
        },
        "create_final_documents": {
            "overall": 0.012843132019042969
        },
        "extract_graph": {
            "overall": 169.62652802467346
        },
        "compute_communities": {
            "overall": 0.0188140869140625
        },
        "create_final_entities": {
            "overall": 0.015113115310668945
        },
        "create_final_relationships": {
            "overall": 0.01787877082824707
        },
        "create_final_nodes": {
            "overall": 0.02146005630493164
        },
        "create_final_communities": {
            "overall": 0.049864768981933594
        },
        "create_final_text_units": {
            "overall": 0.03242921829223633
        },
        "create_final_community_reports": {
            "overall": 106.58906602859497
        },
        "generate_text_embeddings": {
            "overall": 27.417760848999023
        }
    }
}